Date,Time,Time as fraction,Stand,Station,Species,Replication ,Variation,Ambient Humidity,Ambient Temperature,Light Intensity (PAR),Phi2,Height(cm),Diameter(mm),Average Soil Moisture(%VWC),Sap Flow Label,TOMST Label8/8/19,12:39:00 PM,12.65444444,TO04,TN01,ABAM,1,1,65.476,20.05,26.444,0.64,90,22.4,6.4,SF-NOGAP-SF-01,ABAM 28/8/19,12:45:00 PM,12.765,TO04,TN01,ABAM,1,2,64.236,21.34,30.345,0.61,,,,,8/8/19,1:26:00 PM,13.43444444,TO04,TN01,TSHE,1,1,62.28,22.26,108.896,0.587,92,15.1,20.4,SF-NOGAP-WH-01,TSHE 28/8/19,12:53:00 PM,12.89027778,TO04,TN01,TSHE,4,2,64.895,21.91,60.12,0.574,,,,,8/8/19,12:57:00 PM,12.95083333,TO04,TN01,ABAM,3,1,63.395,22.15,47.646,0.621,74,12.1,13.3,,8/8/19,1:03:00 PM,13.0525,TO04,TN01,ABAM,3,2,62.81,22.41,41.527,0.621,,,,,8/8/19,1:05:00 PM,13.08972222,TO04,TN01,TSHE,2,1,62.505,22.49,41.298,0.612,73,24.7,9.8,SF-NOGAP-WH-02,8/8/19,1:07:00 PM,13.13277778,TO04,TN01,TSHE,2,2,62.166,22.5,43.628,0.629,,,,,8/8/19,1:11:00 PM,13.18361111,TO04,TN01,ABAM,4,1,62.664,22.42,8.924,0.654,65,11.1,10,,8/8/19,1:13:00 PM,13.21666667,TO04,TN01,ABAM,4,2,62.743,22.42,8.364,0.604,,,,,8/8/19,1:16:00 PM,13.27083333,TO04,TN01,TSHE,3,1,62.908,22.47,24.985,0.645,64,13.6,10.8,,8/8/19,1:18:00 PM,13.30416667,TO04,TN01,TSHE,3,2,62.504,22.48,36.631,0.635,,,,,8/8/19,1:20:00 PM,13.345,TO04,TN01,ABAM,5,1,62.003,22.46,29.008,0.618,64,13.8,7.5,,8/8/19,1:22:00 PM,13.375,TO04,TN01,ABAM,5,2,62.409,22.38,20.275,0.591,,,,,8/8/19,12:50:00 PM,12.83472222,TO04,TN01,TSHE,4,1,63.915,21.7,70.34,0.618,60,20.6,39.8,,8/8/19,1:27:00 PM,13.465,TO04,TN01,TSHE,1,2,62.787,22.25,73.589,0.617,,,,,8/8/19,1:31:00 PM,13.52361111,TO04,TN01,ABAM,2,1,62.12,22.17,10.945,0.671,85,22.3,1.8,SF-NOGAP-SF-02,8/8/19,1:33:00 PM,13.55666667,TO04,TN01,ABAM,2,2,62.312,22.17,7.96,0.647,,,,,8/8/19,1:37:00 PM,13.62,TO04,TN01,TSHE,5,1,63.417,22.23,142.392,0.518,82,9.5,10.6,,8/8/19,1:40:00 PM,13.67944444,TO04,TN01,TSHE,5,2,62.732,22.18,29.746,0.136,,,,,8/8/19,2:28:00 PM,14.48027778,TO04,CN01,ABAM,1,1,65.611,20.29,42.561,0.624,107,28.1,too dry,SF-GAP-SF-01,ABAM 18/8/19,2:30:00 PM,14.50972222,TO04,CN01,ABAM,1,2,66.646,21.11,43.509,0.631,87,,,,8/8/19,2:33:00 PM,14.55416667,TO04,CN01,TSHE,2,1,64.103,21.97,36.789,0.643,130,20.7,0.4,SF-GAP-WH-02,8/8/19,2:35:00 PM,14.59055556,TO04,CN01,TSHE,2,2,64.332,22.79,38.054,0.63,85,,,,8/8/19, 2:39:00 PM,14.66333333,TO04,CN01,ABAM,2,1,61.521,23.8,7.863,0.684,87,22.2,2.9,,8/8/19,2:41:00 PM,14.69361111,TO04,CN01,ABAM,2,2,58.971,24.13,11.09,0.671,,,,,8/8/19,2:44:00 PM,14.74027778,TO04,CN01,TSHE,3,1,59.375,24.36,60.265,0.628,85,12.1,4.7,,8/8/19,2:46:00 PM,14.77305556,TO04,CN01,TSHE,3,2,60.28,24.6,53.715,0.617,,,,,8/8/19,2:48:00 PM,14.81527778,TO04,CN01,ABAM,4,1,57.913,24.81,43.871,0.612,85,15.7,12.9,,8/8/19,2:51:00 PM,14.85194444,TO04,CN01,ABAM,4,2,57.863,24.95,48.906,0.609,,,,,8/8/19,2:54:00 PM,14.90611111,TO04,CN01,TSHE,5,1,57.379,25.07,45.225,0.603,95,13.3,22,,8/8/19,2:56:00 PM,14.94333333,TO04,CN01,TSHE,5,2,56.493,24.99,77.255,0.562,,,,,8/8/19,2:59:00 PM,14.98944444,TO04,CN01,ABAM,5,1,56.587,24.65,25.963,0.61,91,13.9,9.3,,8/8/19,3:01:00 PM,15.01916667,TO04,CN01,ABAM,5,2,56.342,24.61,15.69,0.667,,,,,8/8/19,3:11:00 PM,15.18527778,TO04,CN01,TSHE,4,1,56.512,24.06,20.255,0.647,100,9.4,23.5,,8/8/19,3:13:00 PM,15.22111111,TO04,CN01,TSHE,4,2,56.792,23.95,36.046,0.645,,,,,8/8/19,3:18:00 PM,15.31416667,TO04,CN01,ABAM,3,1,57.585,23.33,39.237,0.642,95,22.3,too dry,SF-GAP-SF-02,8/8/19,3:20:00 PM,15.34388889,TO04,CN01,ABAM,3,2,58.057,23.22,28.582,0.607,,,,,8/8/19,3:24:00 PM,15.40861111,TO04,CN01,TSHE,1,1,58.522,22.97,43.231,0.618,112,16.9,3.4,SF-GAP-WH-01,TSHE 18/9/19,12:17:00 PM,12.29222222,AV06,TN01,ABAM,1,1,68.604,14.63,32.69,0.573,80,25.4,6.9,SF-NOGAP-SF-01,ABAM 28/9/19,12:26:00 PM,12.44638889,AV06,TN01,ABAM,1,2,72.096,16.16,27.778,0.619,,,,,8/9/19,12:29:00 PM,12.49166667,AV06,TN01,TSHE,1,1,71.911,16.47,16.743,0.595,105,18.5,1.1,SF-NOGAP-WH-01,TSHE 28/9/19,12:31:00 PM,12.52333333,AV06,TN01,TSHE,1,2,72.771,16.68,19.321,0.594,,,,,8/9/19,12:43:00 PM,12.72,AV06,TN01,ABAM,2,1,71.5,17.43,13.325,0.561,84,24.3,5.8,,8/9/19,12:35:00 PM,12.58666667,AV06,TN01,ABAM,3,2,70.812,16.98,51.065,0.616,,,,,8/9/19,12:37:00 PM,12.62666667,AV06,TN01,TSHE,2,1,71.62,17.13,23.293,0.504,125,25.8,6,,8/9/19,12:39:00 PM,12.66166667,AV06,TN01,TSHE,2,2,72.177,17.34,29.21,0.573,,,,,8/9/19,12:33:00 PM,12.55833333,AV06,TN01,ABAM,3,1,71.496,16.86,44.511,0.615,93,24.4,14,,8/9/19,12:45:00 PM,12.75944444,AV06,TN01,ABAM,2,2,71.109,17.57,9.994,0.632,,,,,8/9/19,12:49:00 PM,12.82527778,AV06,TN01,TSHE,3,1,71.165,17.77,30.268,0.412,90,16,16.4,,8/9/19,12:51:00 PM,12.85972222,AV06,TN01,TSHE,3,2,72.336,17.9,12.271,0.615,,,,,8/9/19,12:56:00 PM,12.94305556,AV06,TN01,ABAM,4,1,71.142,17.84,9.895,0.622,92,24,8.6,SF-NOGAP-SF-02,8/9/19,12:59:00 PM,12.98527778,AV06,TN01,ABAM,4,2,70.416,17.78,22.598,0.604,,,,,8/9/19,1:02:00 PM,13.03805556,AV06,TN01,TSHE,4,1,70.96,17.82,22.112,0.595,120,19.9,2.1,,8/9/19,1:04:00 PM,13.0775,AV06,TN01,TSHE,4,2,71.437,17.93,24.15,0.596,,,,,8/9/19,1:07:00 PM,13.12972222,AV06,TN01,ABAM,5,1,71.527,17.95,10.005,0.624,105,21.6,14.4,,8/9/19,1:10:00 PM,13.16666667,AV06,TN01,ABAM,5,2,71.067,18.01,8.233,0.64,,,,,8/9/19,1:13:00 PM,13.21944444,AV06,TN01,TSHE,5,1,71.862,18.08,28.911,0.578,119,23.6,7.2,,8/9/19,1:15:00 PM,13.25472222,AV06,TN01,TSHE,5,2,70.964,18.13,22.695,0.607,,,,,8/9/19,2:40:00 PM,14.67444444,AV06,CN01,TSHE,1,1,69.629,20.38,35.6,0.566,110,16.9,6.9,SF-GAP-WH-01,TSHE 18/9/19,2:03:00 PM,14.06388889,AV06,CN01,TSHE,5,2,74.972,17.94,32.451,0.594,,,,,8/9/19,2:34:00 PM,14.57722222,AV06,CN01,ABAM,1,1,69.989,20.31,23.571,0.63,79,23.1,6.9,SF-GAP-SF-01,ABAM 18/9/19,2:13:00 PM,14.22166667,AV06,CN01,ABAM,4,2,72.238,19.21,17.53,0.618,,,,,8/9/19,2:15:00 PM,14.26222222,AV06,CN01,TSHE,2,1,72.297,19.36,67.149,0.571,105,18.3,11.9,SF-GAP-WH-02,8/9/19,2:21:00 PM,14.35833333,AV06,CN01,TSHE,2,2,71.853,19.53,103.149,0.514,,,,,8/9/19,2:56:00 PM,14.93527778,AV06,CN01,ABAM,2,1,67.844,20.47,42.996,0.616,110,30.1,8.4,SF-GAP-SF-02,8/9/19,2:26:00 PM,14.43972222,AV06,CN01,ABAM,3,2,71.522,19.85,85.429,0.577,,,,,8/9/19,2:28:00 PM,14.48305556,AV06,CN01,TSHE,3,1,72.055,20.09,86.589,0.55,104,13,14.6,,8/9/19,2:31:00 PM,14.51861111,AV06,CN01,TSHE,3,2,70.939,20.27,73.775,0.462,,,,,8/9/19,2:24:00 PM,14.40416667,AV06,CN01,ABAM,3,1,71.969,19.69,83.617,0.568,71,15,15,,8/9/19,2:36:00 PM,14.61055556,AV06,CN01,ABAM,1,2,70.331,20.35,41.656,0.615,,,,,8/9/19,2:51:00 PM,14.85194444,AV06,CN01,TSHE,4,1,69.31,20.42,61.832,0.572,112,19.9,7,,8/9/19,2:42:00 PM,14.71472222,AV06,CN01,TSHE,1,2,69.325,20.45,29.361,0.612,,,,,8/9/19,2:11:00 PM,14.19111111,AV06,CN01,ABAM,4,1,74.256,19.01,19.568,0.608,72,28.5,2.1,,8/9/19,2:48:00 PM,14.80694444,AV06,CN01,ABAM,5,2,68.768,20.47,56.679,0.461,,,,,8/9/19,2:01:00 PM,14.02666667,AV06,CN01,TSHE,5,1,74.573,17.51,131.698,0.538,108,17.1,15.1,,8/9/19,2:53:00 PM,14.88972222,AV06,CN01,TSHE,4,2,69.126,20.47,48.676,0.553,,,,,8/9/19,2:46:00 PM,14.77138889,AV06,CN01,ABAM,5,1,69.285,20.47,57.583,0.583,94,28.2,5,,8/9/19,2:57:00 PM,14.96555556,AV06,CN01,ABAM,2,2,68.026,20.41,56.704,0.624,,,,,8/9/19,3:00:00 PM,15.01361111,AV06,CN01,ABAM,2,3,68.436,20.23,57.63,0.621,,,,,